{
  "timestamp": "2025-12-06T15:47:15.938579",
  "domains": [
    "Airline Review",
    "Ba Airlinereviews",
    "Tripadvisor Hotel Reviews",
    "Womens Clothing E-Commerce Reviews",
    "Disneylandreviews",
    "User Reviews",
    "Mcdonald S Reviews"
  ],
  "results_matrix": {
    "Airline Review": {
      "Airline Review": {
        "accuracy": 0.8176895306859205,
        "precision": 0.8013698630136986,
        "recall": 0.8447653429602888,
        "f1_score": 0.8224956063268892,
        "roc_auc": 0.88712220933415,
        "model_used": "Naive Bayes",
        "test_samples": 554
      },
      "Ba Airlinereviews": {
        "accuracy": 0.7771317829457365,
        "precision": 0.716012084592145,
        "recall": 0.9186046511627907,
        "f1_score": 0.8047538200339559,
        "roc_auc": 0.8865302565951565,
        "model_used": "Naive Bayes",
        "test_samples": 516
      },
      "Tripadvisor Hotel Reviews": {
        "accuracy": 0.7363344051446945,
        "precision": 0.7159763313609467,
        "recall": 0.7806451612903226,
        "f1_score": 0.7469135802469136,
        "roc_auc": 0.8081472291149712,
        "model_used": "Naive Bayes",
        "test_samples": 311
      },
      "Womens Clothing E-Commerce Reviews": {
        "accuracy": 0.5939086294416244,
        "precision": 0.5576923076923077,
        "recall": 0.8877551020408163,
        "f1_score": 0.6850393700787402,
        "roc_auc": 0.6598639455782312,
        "model_used": "Naive Bayes",
        "test_samples": 197
      },
      "Disneylandreviews": {
        "accuracy": 0.6871165644171779,
        "precision": 0.7777777777777778,
        "recall": 0.5185185185185185,
        "f1_score": 0.6222222222222222,
        "roc_auc": 0.7938873833182776,
        "model_used": "Naive Bayes",
        "test_samples": 163
      },
      "User Reviews": {
        "accuracy": 0.6273764258555133,
        "precision": 0.8018018018018018,
        "recall": 0.33840304182509506,
        "f1_score": 0.47593582887700536,
        "roc_auc": 0.7024967832410473,
        "model_used": "Naive Bayes",
        "test_samples": 526
      },
      "Mcdonald S Reviews": {
        "accuracy": 0.7650130548302873,
        "precision": 0.7556675062972292,
        "recall": 0.783289817232376,
        "f1_score": 0.7692307692307693,
        "roc_auc": 0.8639809392660662,
        "model_used": "Naive Bayes",
        "test_samples": 766
      }
    },
    "Ba Airlinereviews": {
      "Airline Review": {
        "accuracy": 0.8194945848375451,
        "precision": 0.8241758241758241,
        "recall": 0.8122743682310469,
        "f1_score": 0.8181818181818182,
        "roc_auc": 0.8692671610473225,
        "model_used": "Logistic Regression",
        "test_samples": 554
      },
      "Ba Airlinereviews": {
        "accuracy": 0.8585271317829457,
        "precision": 0.8714859437751004,
        "recall": 0.8410852713178295,
        "f1_score": 0.8560157790927022,
        "roc_auc": 0.9465927528393727,
        "model_used": "Logistic Regression",
        "test_samples": 516
      },
      "Tripadvisor Hotel Reviews": {
        "accuracy": 0.7877813504823151,
        "precision": 0.7109004739336493,
        "recall": 0.967741935483871,
        "f1_score": 0.819672131147541,
        "roc_auc": 0.8979735318444996,
        "model_used": "Logistic Regression",
        "test_samples": 311
      },
      "Womens Clothing E-Commerce Reviews": {
        "accuracy": 0.5329949238578681,
        "precision": 0.5217391304347826,
        "recall": 0.7346938775510204,
        "f1_score": 0.6101694915254238,
        "roc_auc": 0.6022469593898165,
        "model_used": "Logistic Regression",
        "test_samples": 197
      },
      "Disneylandreviews": {
        "accuracy": 0.7484662576687117,
        "precision": 0.7857142857142857,
        "recall": 0.6790123456790124,
        "f1_score": 0.7284768211920529,
        "roc_auc": 0.8517012947907256,
        "model_used": "Logistic Regression",
        "test_samples": 163
      },
      "User Reviews": {
        "accuracy": 0.7091254752851711,
        "precision": 0.7350427350427351,
        "recall": 0.6539923954372624,
        "f1_score": 0.6921529175050302,
        "roc_auc": 0.765906692304356,
        "model_used": "Logistic Regression",
        "test_samples": 526
      },
      "Mcdonald S Reviews": {
        "accuracy": 0.8067885117493473,
        "precision": 0.7777777777777778,
        "recall": 0.8590078328981723,
        "f1_score": 0.8163771712158809,
        "roc_auc": 0.9065062819979686,
        "model_used": "Logistic Regression",
        "test_samples": 766
      }
    },
    "Tripadvisor Hotel Reviews": {
      "Airline Review": {
        "accuracy": 0.6606498194945848,
        "precision": 0.7908496732026143,
        "recall": 0.4368231046931408,
        "f1_score": 0.5627906976744186,
        "roc_auc": 0.8106843566317821,
        "model_used": "Naive Bayes",
        "test_samples": 554
      },
      "Ba Airlinereviews": {
        "accuracy": 0.7364341085271318,
        "precision": 0.9178082191780822,
        "recall": 0.5193798449612403,
        "f1_score": 0.6633663366336634,
        "roc_auc": 0.9124000961480679,
        "model_used": "Naive Bayes",
        "test_samples": 516
      },
      "Tripadvisor Hotel Reviews": {
        "accuracy": 0.9067524115755627,
        "precision": 0.9038461538461539,
        "recall": 0.9096774193548387,
        "f1_score": 0.9067524115755627,
        "roc_auc": 0.9636889991728702,
        "model_used": "Naive Bayes",
        "test_samples": 311
      },
      "Womens Clothing E-Commerce Reviews": {
        "accuracy": 0.7106598984771574,
        "precision": 0.7303370786516854,
        "recall": 0.6632653061224489,
        "f1_score": 0.6951871657754011,
        "roc_auc": 0.7645846217274789,
        "model_used": "Naive Bayes",
        "test_samples": 197
      },
      "Disneylandreviews": {
        "accuracy": 0.8220858895705522,
        "precision": 0.8513513513513513,
        "recall": 0.7777777777777778,
        "f1_score": 0.8129032258064516,
        "roc_auc": 0.9122252333634447,
        "model_used": "Naive Bayes",
        "test_samples": 163
      },
      "User Reviews": {
        "accuracy": 0.7015209125475285,
        "precision": 0.823170731707317,
        "recall": 0.5133079847908745,
        "f1_score": 0.6323185011709602,
        "roc_auc": 0.7657042894938484,
        "model_used": "Naive Bayes",
        "test_samples": 526
      },
      "Mcdonald S Reviews": {
        "accuracy": 0.825065274151436,
        "precision": 0.8608695652173913,
        "recall": 0.7754569190600522,
        "f1_score": 0.8159340659340659,
        "roc_auc": 0.9062676819666096,
        "model_used": "Naive Bayes",
        "test_samples": 766
      }
    },
    "Womens Clothing E-Commerce Reviews": {
      "Airline Review": {
        "accuracy": 0.6010830324909747,
        "precision": 0.6944444444444444,
        "recall": 0.36101083032490977,
        "f1_score": 0.4750593824228028,
        "roc_auc": 0.6713107169388366,
        "model_used": "Logistic Regression",
        "test_samples": 554
      },
      "Ba Airlinereviews": {
        "accuracy": 0.6472868217054264,
        "precision": 0.8518518518518519,
        "recall": 0.35658914728682173,
        "f1_score": 0.5027322404371585,
        "roc_auc": 0.7209452556937684,
        "model_used": "Logistic Regression",
        "test_samples": 516
      },
      "Tripadvisor Hotel Reviews": {
        "accuracy": 0.752411575562701,
        "precision": 0.76,
        "recall": 0.7354838709677419,
        "f1_score": 0.7475409836065574,
        "roc_auc": 0.8295285359801489,
        "model_used": "Logistic Regression",
        "test_samples": 311
      },
      "Womens Clothing E-Commerce Reviews": {
        "accuracy": 0.868020304568528,
        "precision": 0.8461538461538461,
        "recall": 0.8979591836734694,
        "f1_score": 0.8712871287128713,